{
    "name": "root",
    "metadata": {
        "timer_format_version": "0.1.0",
        "start_time_seconds": "1657854715",
        "python_version": "3.10.1 (tags/v3.10.1:2cd268a, Dec  6 2021, 19:10:37) [MSC v.1929 64 bit (AMD64)]",
        "command_line_arguments": "C:\\Python310\\Scripts\\mlagents-learn Trainer.yaml --run-id=1",
        "mlagents_version": "0.29.0.dev0",
        "mlagents_envs_version": "0.29.0.dev0",
        "communication_protocol_version": "1.5.0",
        "pytorch_version": "1.11.0+cu113",
        "numpy_version": "1.22.2",
        "end_time_seconds": "1657854757"
    },
    "total": 42.95234279999568,
    "count": 1,
    "self": 0.007213499993667938,
    "children": {
        "run_training.setup": {
            "total": 0.09552699999767356,
            "count": 1,
            "self": 0.09552699999767356
        },
        "TrainerController.start_learning": {
            "total": 42.849602300004335,
            "count": 1,
            "self": 0.020104099952732213,
            "children": {
                "TrainerController._reset_env": {
                    "total": 12.896558899999945,
                    "count": 1,
                    "self": 12.896558899999945
                },
                "TrainerController.advance": {
                    "total": 29.768657400054508,
                    "count": 1248,
                    "self": 0.01832140004262328,
                    "children": {
                        "env_step": {
                            "total": 29.61441179990652,
                            "count": 1248,
                            "self": 26.58043760021974,
                            "children": {
                                "SubprocessEnvManager._take_step": {
                                    "total": 3.0218013995763613,
                                    "count": 1248,
                                    "self": 0.07158049958525226,
                                    "children": {
                                        "TorchPolicy.evaluate": {
                                            "total": 2.950220899991109,
                                            "count": 1241,
                                            "self": 1.4608225003321422,
                                            "children": {
                                                "TorchPolicy.sample_actions": {
                                                    "total": 1.4893983996589668,
                                                    "count": 1241,
                                                    "self": 1.4893983996589668
                                                }
                                            }
                                        }
                                    }
                                },
                                "workers": {
                                    "total": 0.012172800110420212,
                                    "count": 1247,
                                    "self": 0.0,
                                    "children": {
                                        "worker_root": {
                                            "total": 10.287219400386675,
                                            "count": 1247,
                                            "is_parallel": true,
                                            "self": 5.178865700523602,
                                            "children": {
                                                "steps_from_proto": {
                                                    "total": 0.000229199999012053,
                                                    "count": 1,
                                                    "is_parallel": true,
                                                    "self": 0.00010370000381954014,
                                                    "children": {
                                                        "_process_rank_one_or_two_observation": {
                                                            "total": 0.00012549999519251287,
                                                            "count": 2,
                                                            "is_parallel": true,
                                                            "self": 0.00012549999519251287
                                                        }
                                                    }
                                                },
                                                "UnityEnvironment.step": {
                                                    "total": 5.108124499864061,
                                                    "count": 1247,
                                                    "is_parallel": true,
                                                    "self": 0.07332149941066746,
                                                    "children": {
                                                        "UnityEnvironment._generate_step_input": {
                                                            "total": 0.06926330002897885,
                                                            "count": 1247,
                                                            "is_parallel": true,
                                                            "self": 0.06926330002897885
                                                        },
                                                        "communicator.exchange": {
                                                            "total": 4.7536340001097415,
                                                            "count": 1247,
                                                            "is_parallel": true,
                                                            "self": 4.7536340001097415
                                                        },
                                                        "steps_from_proto": {
                                                            "total": 0.2119057003146736,
                                                            "count": 1247,
                                                            "is_parallel": true,
                                                            "self": 0.10943690047133714,
                                                            "children": {
                                                                "_process_rank_one_or_two_observation": {
                                                                    "total": 0.10246879984333646,
                                                                    "count": 2494,
                                                                    "is_parallel": true,
                                                                    "self": 0.10246879984333646
                                                                }
                                                            }
                                                        }
                                                    }
                                                }
                                            }
                                        }
                                    }
                                }
                            }
                        },
                        "trainer_advance": {
                            "total": 0.13592420010536443,
                            "count": 1247,
                            "self": 0.023874099657405168,
                            "children": {
                                "process_trajectory": {
                                    "total": 0.11205010044795927,
                                    "count": 1247,
                                    "self": 0.11205010044795927
                                }
                            }
                        }
                    }
                },